<?xml version="1.0" encoding="UTF-8"?>
<GenRun Id="synth_1" LaunchPart="xc7a35tcpg236-1" LaunchTime="1710156513">
  <File Type="PA-TCL" Name="fxn_function.tcl"/>
  <File Type="REPORTS-TCL" Name="fxn_function_reports.tcl"/>
  <File Type="RDS-RDS" Name="fxn_function.vds"/>
  <File Type="RDS-UTIL" Name="fxn_function_utilization_synth.rpt"/>
  <File Type="RDS-UTIL-PB" Name="fxn_function_utilization_synth.pb"/>
  <File Type="RDS-DCP" Name="fxn_function.dcp"/>
  <FileSet Name="sources" Type="DesignSrcs" RelSrcDir="$PSRCDIR/sources_1">
    <Filter Type="Srcs"/>
    <File Path="$PSRCDIR/sources_1/new/eq1.v">
      <FileInfo>
        <Attr Name="ImportPath" Val="S:/digital system design/assignmnet_1/assignment_1.srcs/sources_1/new/eq1.v"/>
        <Attr Name="ImportTime" Val="1710155997"/>
        <Attr Name="UsedIn" Val="synthesis"/>
        <Attr Name="UsedIn" Val="implementation"/>
        <Attr Name="UsedIn" Val="simulation"/>
      </FileInfo>
    </File>
    <File Path="$PSRCDIR/sources_1/new/eq2.v">
      <FileInfo>
        <Attr Name="ImportPath" Val="S:/digital system design/assignmnet_1/assignment_1.srcs/sources_1/new/eq2.v"/>
        <Attr Name="ImportTime" Val="1710156357"/>
        <Attr Name="UsedIn" Val="synthesis"/>
        <Attr Name="UsedIn" Val="implementation"/>
        <Attr Name="UsedIn" Val="simulation"/>
      </FileInfo>
    </File>
    <File Path="$PSRCDIR/sources_1/new/eq6.v">
      <FileInfo>
        <Attr Name="ImportPath" Val="S:/digital system design/assignmnet_1/assignment_1.srcs/sources_1/new/eq6.v"/>
        <Attr Name="ImportTime" Val="1710155698"/>
        <Attr Name="UsedIn" Val="synthesis"/>
        <Attr Name="UsedIn" Val="implementation"/>
        <Attr Name="UsedIn" Val="simulation"/>
      </FileInfo>
    </File>
    <File Path="$PSRCDIR/sources_1/imports/Lab_E/full_adder.v">
      <FileInfo>
        <Attr Name="ImportPath" Val="S:/digital system design/Lab_E/full_adder.v"/>
        <Attr Name="ImportTime" Val="1707818353"/>
        <Attr Name="UsedIn" Val="synthesis"/>
        <Attr Name="UsedIn" Val="implementation"/>
        <Attr Name="UsedIn" Val="simulation"/>
      </FileInfo>
    </File>
    <File Path="$PSRCDIR/sources_1/new/greater2.v">
      <FileInfo>
        <Attr Name="ImportPath" Val="S:/digital system design/assignmnet_1/assignment_1.srcs/sources_1/new/greater2.v"/>
        <Attr Name="ImportTime" Val="1710155250"/>
        <Attr Name="UsedIn" Val="synthesis"/>
        <Attr Name="UsedIn" Val="implementation"/>
        <Attr Name="UsedIn" Val="simulation"/>
      </FileInfo>
    </File>
    <File Path="$PSRCDIR/sources_1/new/invert.v">
      <FileInfo>
        <Attr Name="ImportPath" Val="S:/digital system design/assignmnet_1/assignment_1.srcs/sources_1/new/invert.v"/>
        <Attr Name="ImportTime" Val="1710154338"/>
        <Attr Name="UsedIn" Val="synthesis"/>
        <Attr Name="UsedIn" Val="implementation"/>
        <Attr Name="UsedIn" Val="simulation"/>
      </FileInfo>
    </File>
    <File Path="$PSRCDIR/sources_1/imports/Lab_E/Lab_E.srcs/sources_1/new/six_bit_ripple_adder.v">
      <FileInfo>
        <Attr Name="ImportPath" Val="S:/digital system design/Lab_E/Lab_E.srcs/sources_1/new/six_bit_ripple_adder.v"/>
        <Attr Name="ImportTime" Val="1709900277"/>
        <Attr Name="UsedIn" Val="synthesis"/>
        <Attr Name="UsedIn" Val="implementation"/>
        <Attr Name="UsedIn" Val="simulation"/>
      </FileInfo>
    </File>
    <File Path="$PSRCDIR/sources_1/new/six_xnor.v">
      <FileInfo>
        <Attr Name="ImportPath" Val="S:/digital system design/assignmnet_1/assignment_1.srcs/sources_1/new/six_xnor.v"/>
        <Attr Name="ImportTime" Val="1710154376"/>
        <Attr Name="UsedIn" Val="synthesis"/>
        <Attr Name="UsedIn" Val="implementation"/>
        <Attr Name="UsedIn" Val="simulation"/>
      </FileInfo>
    </File>
    <File Path="$PSRCDIR/sources_1/new/fxn_function.v">
      <FileInfo>
        <Attr Name="ImportPath" Val="S:/digital system design/assignmnet_1/assignment_1.srcs/sources_1/new/fxn_function.v"/>
        <Attr Name="ImportTime" Val="1710154286"/>
        <Attr Name="UsedIn" Val="synthesis"/>
        <Attr Name="UsedIn" Val="implementation"/>
        <Attr Name="UsedIn" Val="simulation"/>
      </FileInfo>
    </File>
    <Config>
      <Option Name="DesignMode" Val="RTL"/>
      <Option Name="TopModule" Val="fxn_function"/>
      <Option Name="TopAutoSet" Val="TRUE"/>
    </Config>
  </FileSet>
  <FileSet Name="constrs_in" Type="Constrs" RelSrcDir="$PSRCDIR/constrs_1">
    <Filter Type="Constrs"/>
    <File Path="$PSRCDIR/constrs_1/imports/assignmnet_1/adder.xdc">
      <FileInfo>
        <Attr Name="ImportPath" Val="S:/digital system design/assignmnet_1/adder.xdc"/>
        <Attr Name="ImportTime" Val="1709898194"/>
        <Attr Name="UsedIn" Val="synthesis"/>
        <Attr Name="UsedIn" Val="implementation"/>
      </FileInfo>
    </File>
    <Config>
      <Option Name="ConstrsType" Val="XDC"/>
    </Config>
  </FileSet>
  <FileSet Name="utils" Type="Utils" RelSrcDir="$PSRCDIR/utils_1">
    <Filter Type="Utils"/>
    <Config>
      <Option Name="TopAutoSet" Val="TRUE"/>
    </Config>
  </FileSet>
  <Strategy Version="1" Minor="2">
    <StratHandle Name="Vivado Synthesis Defaults" Flow="Vivado Synthesis 2019"/>
    <Step Id="synth_design"/>
  </Strategy>
</GenRun>
