<?xml version="1.0" encoding="UTF-8"?>
<GenRun Id="impl_1" LaunchPart="xc7a35tcpg236-1" LaunchTime="1710156513">
  <File Type="ROUTE-PWR" Name="fxn_function_power_routed.rpt"/>
  <File Type="PA-TCL" Name="fxn_function.tcl"/>
  <File Type="BITSTR-BMM" Name="fxn_function_bd.bmm"/>
  <File Type="ROUTE-PWR-SUM" Name="fxn_function_power_summary_routed.pb"/>
  <File Type="REPORTS-TCL" Name="fxn_function_reports.tcl"/>
  <File Type="OPT-DCP" Name="fxn_function_opt.dcp"/>
  <File Type="OPT-DRC" Name="fxn_function_drc_opted.rpt"/>
  <File Type="OPT-HWDEF" Name="fxn_function.hwdef"/>
  <File Type="PWROPT-DCP" Name="fxn_function_pwropt.dcp"/>
  <File Type="PLACE-DCP" Name="fxn_function_placed.dcp"/>
  <File Type="PLACE-IO" Name="fxn_function_io_placed.rpt"/>
  <File Type="PLACE-UTIL" Name="fxn_function_utilization_placed.rpt"/>
  <File Type="PLACE-UTIL-PB" Name="fxn_function_utilization_placed.pb"/>
  <File Type="PLACE-CTRL" Name="fxn_function_control_sets_placed.rpt"/>
  <File Type="PLACE-PRE-SIMILARITY" Name="fxn_function_incremental_reuse_pre_placed.rpt"/>
  <File Type="POSTPLACE-PWROPT-DCP" Name="fxn_function_postplace_pwropt.dcp"/>
  <File Type="BG-BIN" Name="fxn_function.bin"/>
  <File Type="PHYSOPT-DCP" Name="fxn_function_physopt.dcp"/>
  <File Type="BITSTR-MSK" Name="fxn_function.msk"/>
  <File Type="ROUTE-ERROR-DCP" Name="fxn_function_routed_error.dcp"/>
  <File Type="ROUTE-DCP" Name="fxn_function_routed.dcp"/>
  <File Type="ROUTE-BLACKBOX-DCP" Name="fxn_function_routed_bb.dcp"/>
  <File Type="ROUTE-DRC" Name="fxn_function_drc_routed.rpt"/>
  <File Type="ROUTE-DRC-PB" Name="fxn_function_drc_routed.pb"/>
  <File Type="ROUTE-DRC-RPX" Name="fxn_function_drc_routed.rpx"/>
  <File Type="ROUTE-METHODOLOGY-DRC" Name="fxn_function_methodology_drc_routed.rpt"/>
  <File Type="BITSTR-MMI" Name="fxn_function.mmi"/>
  <File Type="ROUTE-METHODOLOGY-DRC-RPX" Name="fxn_function_methodology_drc_routed.rpx"/>
  <File Type="ROUTE-METHODOLOGY-DRC-PB" Name="fxn_function_methodology_drc_routed.pb"/>
  <File Type="ROUTE-PWR-RPX" Name="fxn_function_power_routed.rpx"/>
  <File Type="ROUTE-STATUS" Name="fxn_function_route_status.rpt"/>
  <File Type="ROUTE-STATUS-PB" Name="fxn_function_route_status.pb"/>
  <File Type="ROUTE-TIMINGSUMMARY" Name="fxn_function_timing_summary_routed.rpt"/>
  <File Type="ROUTE-TIMING-PB" Name="fxn_function_timing_summary_routed.pb"/>
  <File Type="ROUTE-TIMING-RPX" Name="fxn_function_timing_summary_routed.rpx"/>
  <File Type="ROUTE-CLK" Name="fxn_function_clock_utilization_routed.rpt"/>
  <File Type="ROUTE-BUS-SKEW" Name="fxn_function_bus_skew_routed.rpt"/>
  <File Type="ROUTE-BUS-SKEW-PB" Name="fxn_function_bus_skew_routed.pb"/>
  <File Type="ROUTE-BUS-SKEW-RPX" Name="fxn_function_bus_skew_routed.rpx"/>
  <File Type="POSTROUTE-PHYSOPT-DCP" Name="fxn_function_postroute_physopt.dcp"/>
  <File Type="POSTROUTE-PHYSOPT-BLACKBOX-DCP" Name="fxn_function_postroute_physopt_bb.dcp"/>
  <File Type="BG-BIT" Name="fxn_function.bit"/>
  <File Type="BITSTR-RBT" Name="fxn_function.rbt"/>
  <File Type="BITSTR-NKY" Name="fxn_function.nky"/>
  <File Type="PDI-FILE" Name="fxn_function.pdi"/>
  <File Type="RCFI_FILE" Name="fxn_function.rcfi"/>
  <File Type="CFI_FILE" Name="fxn_function.cfi"/>
  <File Type="RNPI_FILE" Name="fxn_function.rnpi"/>
  <File Type="NPI_FILE" Name="fxn_function.npi"/>
  <File Type="RBD_FILE" Name="fxn_function.rbd"/>
  <File Type="BITSTR-LTX" Name="fxn_function.ltx"/>
  <File Type="BITSTR-SYSDEF" Name="fxn_function.sysdef"/>
  <File Type="BG-BGN" Name="fxn_function.bgn"/>
  <File Type="BG-DRC" Name="fxn_function.drc"/>
  <File Type="RDI-RDI" Name="fxn_function.vdi"/>
  <File Type="WBT-USG" Name="usage_statistics_webtalk.html"/>
  <FileSet Name="sources" Type="DesignSrcs" RelSrcDir="$PSRCDIR/sources_1">
    <Filter Type="Srcs"/>
    <File Path="$PSRCDIR/sources_1/new/eq1.v">
      <FileInfo>
        <Attr Name="ImportPath" Val="S:/digital system design/assignmnet_1/assignment_1.srcs/sources_1/new/eq1.v"/>
        <Attr Name="ImportTime" Val="1710155997"/>
        <Attr Name="UsedIn" Val="synthesis"/>
        <Attr Name="UsedIn" Val="implementation"/>
        <Attr Name="UsedIn" Val="simulation"/>
      </FileInfo>
    </File>
    <File Path="$PSRCDIR/sources_1/new/eq2.v">
      <FileInfo>
        <Attr Name="ImportPath" Val="S:/digital system design/assignmnet_1/assignment_1.srcs/sources_1/new/eq2.v"/>
        <Attr Name="ImportTime" Val="1710156357"/>
        <Attr Name="UsedIn" Val="synthesis"/>
        <Attr Name="UsedIn" Val="implementation"/>
        <Attr Name="UsedIn" Val="simulation"/>
      </FileInfo>
    </File>
    <File Path="$PSRCDIR/sources_1/new/eq6.v">
      <FileInfo>
        <Attr Name="ImportPath" Val="S:/digital system design/assignmnet_1/assignment_1.srcs/sources_1/new/eq6.v"/>
        <Attr Name="ImportTime" Val="1710155698"/>
        <Attr Name="UsedIn" Val="synthesis"/>
        <Attr Name="UsedIn" Val="implementation"/>
        <Attr Name="UsedIn" Val="simulation"/>
      </FileInfo>
    </File>
    <File Path="$PSRCDIR/sources_1/imports/Lab_E/full_adder.v">
      <FileInfo>
        <Attr Name="ImportPath" Val="S:/digital system design/Lab_E/full_adder.v"/>
        <Attr Name="ImportTime" Val="1707818353"/>
        <Attr Name="UsedIn" Val="synthesis"/>
        <Attr Name="UsedIn" Val="implementation"/>
        <Attr Name="UsedIn" Val="simulation"/>
      </FileInfo>
    </File>
    <File Path="$PSRCDIR/sources_1/new/greater2.v">
      <FileInfo>
        <Attr Name="ImportPath" Val="S:/digital system design/assignmnet_1/assignment_1.srcs/sources_1/new/greater2.v"/>
        <Attr Name="ImportTime" Val="1710155250"/>
        <Attr Name="UsedIn" Val="synthesis"/>
        <Attr Name="UsedIn" Val="implementation"/>
        <Attr Name="UsedIn" Val="simulation"/>
      </FileInfo>
    </File>
    <File Path="$PSRCDIR/sources_1/new/invert.v">
      <FileInfo>
        <Attr Name="ImportPath" Val="S:/digital system design/assignmnet_1/assignment_1.srcs/sources_1/new/invert.v"/>
        <Attr Name="ImportTime" Val="1710154338"/>
        <Attr Name="UsedIn" Val="synthesis"/>
        <Attr Name="UsedIn" Val="implementation"/>
        <Attr Name="UsedIn" Val="simulation"/>
      </FileInfo>
    </File>
    <File Path="$PSRCDIR/sources_1/imports/Lab_E/Lab_E.srcs/sources_1/new/six_bit_ripple_adder.v">
      <FileInfo>
        <Attr Name="ImportPath" Val="S:/digital system design/Lab_E/Lab_E.srcs/sources_1/new/six_bit_ripple_adder.v"/>
        <Attr Name="ImportTime" Val="1709900277"/>
        <Attr Name="UsedIn" Val="synthesis"/>
        <Attr Name="UsedIn" Val="implementation"/>
        <Attr Name="UsedIn" Val="simulation"/>
      </FileInfo>
    </File>
    <File Path="$PSRCDIR/sources_1/new/six_xnor.v">
      <FileInfo>
        <Attr Name="ImportPath" Val="S:/digital system design/assignmnet_1/assignment_1.srcs/sources_1/new/six_xnor.v"/>
        <Attr Name="ImportTime" Val="1710154376"/>
        <Attr Name="UsedIn" Val="synthesis"/>
        <Attr Name="UsedIn" Val="implementation"/>
        <Attr Name="UsedIn" Val="simulation"/>
      </FileInfo>
    </File>
    <File Path="$PSRCDIR/sources_1/new/fxn_function.v">
      <FileInfo>
        <Attr Name="ImportPath" Val="S:/digital system design/assignmnet_1/assignment_1.srcs/sources_1/new/fxn_function.v"/>
        <Attr Name="ImportTime" Val="1710154286"/>
        <Attr Name="UsedIn" Val="synthesis"/>
        <Attr Name="UsedIn" Val="implementation"/>
        <Attr Name="UsedIn" Val="simulation"/>
      </FileInfo>
    </File>
    <Config>
      <Option Name="DesignMode" Val="RTL"/>
      <Option Name="TopModule" Val="fxn_function"/>
      <Option Name="TopAutoSet" Val="TRUE"/>
    </Config>
  </FileSet>
  <FileSet Name="constrs_in" Type="Constrs" RelSrcDir="$PSRCDIR/constrs_1">
    <Filter Type="Constrs"/>
    <File Path="$PSRCDIR/constrs_1/imports/assignmnet_1/adder.xdc">
      <FileInfo>
        <Attr Name="ImportPath" Val="S:/digital system design/assignmnet_1/adder.xdc"/>
        <Attr Name="ImportTime" Val="1709898194"/>
        <Attr Name="UsedIn" Val="synthesis"/>
        <Attr Name="UsedIn" Val="implementation"/>
      </FileInfo>
    </File>
    <Config>
      <Option Name="ConstrsType" Val="XDC"/>
    </Config>
  </FileSet>
  <FileSet Name="utils" Type="Utils" RelSrcDir="$PSRCDIR/utils_1">
    <Filter Type="Utils"/>
    <Config>
      <Option Name="TopAutoSet" Val="TRUE"/>
    </Config>
  </FileSet>
  <Strategy Version="1" Minor="2">
    <StratHandle Name="Vivado Implementation Defaults" Flow="Vivado Implementation 2019"/>
    <Step Id="init_design"/>
    <Step Id="opt_design"/>
    <Step Id="power_opt_design"/>
    <Step Id="place_design"/>
    <Step Id="post_place_power_opt_design"/>
    <Step Id="phys_opt_design" EnableStepBool="1"/>
    <Step Id="route_design"/>
    <Step Id="post_route_phys_opt_design"/>
    <Step Id="write_bitstream"/>
    <Step Id="write_device_image"/>
  </Strategy>
</GenRun>
