<?xml version="1.0" encoding="UTF-8"?>
<GenRun Id="synth_1" LaunchPart="xc7a35tcpg236-1" LaunchTime="1712767819">
  <File Type="PA-TCL" Name="top.tcl"/>
  <File Type="REPORTS-TCL" Name="top_reports.tcl"/>
  <File Type="RDS-RDS" Name="top.vds"/>
  <File Type="RDS-UTIL" Name="top_utilization_synth.rpt"/>
  <File Type="RDS-UTIL-PB" Name="top_utilization_synth.pb"/>
  <File Type="RDS-DCP" Name="top.dcp"/>
  <FileSet Name="sources" Type="DesignSrcs" RelSrcDir="$PSRCDIR/sources_1">
    <Filter Type="Srcs"/>
    <File Path="$PSRCDIR/sources_1/imports/Lab_F/part_c.srcs/sources_1/new/clock.v">
      <FileInfo>
        <Attr Name="ImportPath" Val="S:/digital system design/Lab_F/part_c.srcs/sources_1/new/clock.v"/>
        <Attr Name="ImportTime" Val="1711019630"/>
        <Attr Name="UsedIn" Val="synthesis"/>
        <Attr Name="UsedIn" Val="implementation"/>
        <Attr Name="UsedIn" Val="simulation"/>
      </FileInfo>
    </File>
    <File Path="$PSRCDIR/sources_1/imports/Lab_F/part_c.srcs/sources_1/new/counter.v">
      <FileInfo>
        <Attr Name="ImportPath" Val="S:/digital system design/Lab_F/part_c.srcs/sources_1/new/counter.v"/>
        <Attr Name="ImportTime" Val="1712766833"/>
        <Attr Name="UsedIn" Val="synthesis"/>
        <Attr Name="UsedIn" Val="implementation"/>
        <Attr Name="UsedIn" Val="simulation"/>
      </FileInfo>
    </File>
    <File Path="$PSRCDIR/sources_1/new/fsm.v">
      <FileInfo>
        <Attr Name="ImportPath" Val="S:/digital system design/assignmnet_2/assignmnet_2.srcs/sources_1/new/fsm.v"/>
        <Attr Name="ImportTime" Val="1712763636"/>
        <Attr Name="UsedIn" Val="synthesis"/>
        <Attr Name="UsedIn" Val="implementation"/>
        <Attr Name="UsedIn" Val="simulation"/>
      </FileInfo>
    </File>
    <File Path="$PSRCDIR/sources_1/imports/Lab_F/part_c.srcs/sources_1/new/lfsr_eight_bit.v">
      <FileInfo>
        <Attr Name="ImportPath" Val="S:/digital system design/Lab_F/part_c.srcs/sources_1/new/lfsr_eight_bit.v"/>
        <Attr Name="ImportTime" Val="1712767079"/>
        <Attr Name="UsedIn" Val="synthesis"/>
        <Attr Name="UsedIn" Val="implementation"/>
        <Attr Name="UsedIn" Val="simulation"/>
      </FileInfo>
    </File>
    <File Path="$PSRCDIR/sources_1/imports/Lab_F/sevenseg.v">
      <FileInfo>
        <Attr Name="ImportPath" Val="S:/digital system design/Lab_F/sevenseg.v"/>
        <Attr Name="ImportTime" Val="1712762920"/>
        <Attr Name="UsedIn" Val="synthesis"/>
        <Attr Name="UsedIn" Val="implementation"/>
        <Attr Name="UsedIn" Val="simulation"/>
      </FileInfo>
    </File>
    <File Path="$PSRCDIR/sources_1/new/top.v">
      <FileInfo>
        <Attr Name="ImportPath" Val="S:/digital system design/assignmnet_2/assignmnet_2.srcs/sources_1/new/top.v"/>
        <Attr Name="ImportTime" Val="1712767814"/>
        <Attr Name="UsedIn" Val="synthesis"/>
        <Attr Name="UsedIn" Val="implementation"/>
        <Attr Name="UsedIn" Val="simulation"/>
      </FileInfo>
    </File>
    <Config>
      <Option Name="DesignMode" Val="RTL"/>
      <Option Name="TopModule" Val="top"/>
      <Option Name="TopAutoSet" Val="TRUE"/>
    </Config>
  </FileSet>
  <FileSet Name="constrs_in" Type="Constrs" RelSrcDir="$PSRCDIR/constrs_1">
    <Filter Type="Constrs"/>
    <File Path="$PSRCDIR/constrs_1/new/assign02.xdc">
      <FileInfo>
        <Attr Name="ImportPath" Val="S:/digital system design/assignmnet_2/assignmnet_2.srcs/constrs_1/new/assign02.xdc"/>
        <Attr Name="ImportTime" Val="1712762294"/>
        <Attr Name="UsedIn" Val="synthesis"/>
        <Attr Name="UsedIn" Val="implementation"/>
      </FileInfo>
    </File>
    <Config>
      <Option Name="ConstrsType" Val="XDC"/>
    </Config>
  </FileSet>
  <FileSet Name="utils" Type="Utils" RelSrcDir="$PSRCDIR/utils_1">
    <Filter Type="Utils"/>
    <Config>
      <Option Name="TopAutoSet" Val="TRUE"/>
    </Config>
  </FileSet>
  <Strategy Version="1" Minor="2">
    <StratHandle Name="Vivado Synthesis Defaults" Flow="Vivado Synthesis 2019"/>
    <Step Id="synth_design"/>
  </Strategy>
</GenRun>
