<?xml version="1.0" encoding="UTF-8"?>
<GenRun Id="synth_1" LaunchPart="xc7a35tcpg236-1" LaunchTime="1711361687">
  <File Type="PA-TCL" Name="top_file.tcl"/>
  <File Type="REPORTS-TCL" Name="top_file_reports.tcl"/>
  <File Type="RDS-RDS" Name="top_file.vds"/>
  <File Type="RDS-UTIL" Name="top_file_utilization_synth.rpt"/>
  <File Type="RDS-UTIL-PB" Name="top_file_utilization_synth.pb"/>
  <File Type="RDS-DCP" Name="top_file.dcp"/>
  <FileSet Name="sources" Type="DesignSrcs" RelSrcDir="$PSRCDIR/sources_1">
    <Filter Type="Srcs"/>
    <File Path="$PSRCDIR/sources_1/imports/Lab_F/d_type_ff.v">
      <FileInfo>
        <Attr Name="ImportPath" Val="S:/digital system design/Lab_F/d_type_ff.v"/>
        <Attr Name="ImportTime" Val="1710336996"/>
        <Attr Name="UsedIn" Val="synthesis"/>
        <Attr Name="UsedIn" Val="implementation"/>
        <Attr Name="UsedIn" Val="simulation"/>
      </FileInfo>
    </File>
    <File Path="$PSRCDIR/sources_1/imports/Lab_F/debouncer.v">
      <FileInfo>
        <Attr Name="ImportPath" Val="S:/digital system design/Lab_F/debouncer.v"/>
        <Attr Name="ImportTime" Val="1710235054"/>
        <Attr Name="UsedIn" Val="synthesis"/>
        <Attr Name="UsedIn" Val="implementation"/>
        <Attr Name="UsedIn" Val="simulation"/>
      </FileInfo>
    </File>
    <File Path="$PSRCDIR/sources_1/imports/Lab_F/sevenseg.v">
      <FileInfo>
        <Attr Name="ImportPath" Val="S:/digital system design/Lab_F/sevenseg.v"/>
        <Attr Name="ImportTime" Val="1710235054"/>
        <Attr Name="UsedIn" Val="synthesis"/>
        <Attr Name="UsedIn" Val="implementation"/>
        <Attr Name="UsedIn" Val="simulation"/>
      </FileInfo>
    </File>
    <File Path="$PSRCDIR/sources_1/new/top_file.v">
      <FileInfo>
        <Attr Name="ImportPath" Val="S:/digital system design/Lab_F/part_b_2018.srcs/sources_1/new/top_file.v"/>
        <Attr Name="ImportTime" Val="1711362097"/>
        <Attr Name="UsedIn" Val="synthesis"/>
        <Attr Name="UsedIn" Val="implementation"/>
        <Attr Name="UsedIn" Val="simulation"/>
      </FileInfo>
    </File>
    <Config>
      <Option Name="DesignMode" Val="RTL"/>
      <Option Name="TopModule" Val="top_file"/>
      <Option Name="TopAutoSet" Val="TRUE"/>
    </Config>
  </FileSet>
  <FileSet Name="constrs_in" Type="Constrs" RelSrcDir="$PSRCDIR/constrs_1">
    <Filter Type="Constrs"/>
    <File Path="$PSRCDIR/constrs_1/imports/Lab_F/practicaldff.xdc">
      <FileInfo>
        <Attr Name="ImportPath" Val="S:/digital system design/Lab_F/practicaldff.xdc"/>
        <Attr Name="ImportTime" Val="1710235054"/>
        <Attr Name="UsedIn" Val="synthesis"/>
        <Attr Name="UsedIn" Val="implementation"/>
      </FileInfo>
    </File>
    <Config>
      <Option Name="ConstrsType" Val="XDC"/>
    </Config>
  </FileSet>
  <FileSet Name="utils" Type="Utils" RelSrcDir="$PSRCDIR/utils_1">
    <Filter Type="Utils"/>
    <Config>
      <Option Name="TopAutoSet" Val="TRUE"/>
    </Config>
  </FileSet>
  <Strategy Version="1" Minor="2">
    <StratHandle Name="Vivado Synthesis Defaults" Flow="Vivado Synthesis 2018"/>
    <Step Id="synth_design"/>
  </Strategy>
</GenRun>
