<?xml version="1.0" encoding="UTF-8"?>
<GenRun Id="impl_1" LaunchPart="xc7a35tcpg236-1" LaunchTime="1711361688">
  <File Type="ROUTE-PWR" Name="top_file_power_routed.rpt"/>
  <File Type="PA-TCL" Name="top_file.tcl"/>
  <File Type="BITSTR-BMM" Name="top_file_bd.bmm"/>
  <File Type="ROUTE-PWR-SUM" Name="top_file_power_summary_routed.pb"/>
  <File Type="REPORTS-TCL" Name="top_file_reports.tcl"/>
  <File Type="OPT-DCP" Name="top_file_opt.dcp"/>
  <File Type="OPT-DRC" Name="top_file_drc_opted.rpt"/>
  <File Type="OPT-HWDEF" Name="top_file.hwdef"/>
  <File Type="PWROPT-DCP" Name="top_file_pwropt.dcp"/>
  <File Type="PLACE-DCP" Name="top_file_placed.dcp"/>
  <File Type="PLACE-IO" Name="top_file_io_placed.rpt"/>
  <File Type="PLACE-UTIL" Name="top_file_utilization_placed.rpt"/>
  <File Type="PLACE-UTIL-PB" Name="top_file_utilization_placed.pb"/>
  <File Type="PLACE-CTRL" Name="top_file_control_sets_placed.rpt"/>
  <File Type="PLACE-PRE-SIMILARITY" Name="top_file_incremental_reuse_pre_placed.rpt"/>
  <File Type="POSTPLACE-PWROPT-DCP" Name="top_file_postplace_pwropt.dcp"/>
  <File Type="BG-BIN" Name="top_file.bin"/>
  <File Type="PHYSOPT-DCP" Name="top_file_physopt.dcp"/>
  <File Type="BITSTR-MSK" Name="top_file.msk"/>
  <File Type="ROUTE-ERROR-DCP" Name="top_file_routed_error.dcp"/>
  <File Type="ROUTE-DCP" Name="top_file_routed.dcp"/>
  <File Type="ROUTE-BLACKBOX-DCP" Name="top_file_routed_bb.dcp"/>
  <File Type="ROUTE-DRC" Name="top_file_drc_routed.rpt"/>
  <File Type="ROUTE-DRC-PB" Name="top_file_drc_routed.pb"/>
  <File Type="ROUTE-DRC-RPX" Name="top_file_drc_routed.rpx"/>
  <File Type="ROUTE-METHODOLOGY-DRC" Name="top_file_methodology_drc_routed.rpt"/>
  <File Type="BITSTR-MMI" Name="top_file.mmi"/>
  <File Type="ROUTE-METHODOLOGY-DRC-RPX" Name="top_file_methodology_drc_routed.rpx"/>
  <File Type="ROUTE-METHODOLOGY-DRC-PB" Name="top_file_methodology_drc_routed.pb"/>
  <File Type="ROUTE-PWR-RPX" Name="top_file_power_routed.rpx"/>
  <File Type="ROUTE-STATUS" Name="top_file_route_status.rpt"/>
  <File Type="ROUTE-STATUS-PB" Name="top_file_route_status.pb"/>
  <File Type="ROUTE-TIMINGSUMMARY" Name="top_file_timing_summary_routed.rpt"/>
  <File Type="ROUTE-TIMING-PB" Name="top_file_timing_summary_routed.pb"/>
  <File Type="ROUTE-TIMING-RPX" Name="top_file_timing_summary_routed.rpx"/>
  <File Type="ROUTE-CLK" Name="top_file_clock_utilization_routed.rpt"/>
  <File Type="ROUTE-BUS-SKEW" Name="top_file_bus_skew_routed.rpt"/>
  <File Type="ROUTE-BUS-SKEW-PB" Name="top_file_bus_skew_routed.pb"/>
  <File Type="ROUTE-BUS-SKEW-RPX" Name="top_file_bus_skew_routed.rpx"/>
  <File Type="POSTROUTE-PHYSOPT-DCP" Name="top_file_postroute_physopt.dcp"/>
  <File Type="POSTROUTE-PHYSOPT-BLACKBOX-DCP" Name="top_file_postroute_physopt_bb.dcp"/>
  <File Type="BG-BIT" Name="top_file.bit"/>
  <File Type="BITSTR-RBT" Name="top_file.rbt"/>
  <File Type="BITSTR-NKY" Name="top_file.nky"/>
  <File Type="PDI-FILE" Name="top_file.pdi"/>
  <File Type="RCFI_FILE" Name="top_file.rcfi"/>
  <File Type="CFI_FILE" Name="top_file.cfi"/>
  <File Type="RNPI_FILE" Name="top_file.rnpi"/>
  <File Type="NPI_FILE" Name="top_file.npi"/>
  <File Type="RBD_FILE" Name="top_file.rbd"/>
  <File Type="BITSTR-LTX" Name="top_file.ltx"/>
  <File Type="BITSTR-SYSDEF" Name="top_file.sysdef"/>
  <File Type="BG-BGN" Name="top_file.bgn"/>
  <File Type="BG-DRC" Name="top_file.drc"/>
  <File Type="RDI-RDI" Name="top_file.vdi"/>
  <File Type="WBT-USG" Name="usage_statistics_webtalk.html"/>
  <FileSet Name="sources" Type="DesignSrcs" RelSrcDir="$PSRCDIR/sources_1">
    <Filter Type="Srcs"/>
    <File Path="$PSRCDIR/sources_1/imports/Lab_F/d_type_ff.v">
      <FileInfo>
        <Attr Name="ImportPath" Val="S:/digital system design/Lab_F/d_type_ff.v"/>
        <Attr Name="ImportTime" Val="1710336996"/>
        <Attr Name="UsedIn" Val="synthesis"/>
        <Attr Name="UsedIn" Val="implementation"/>
        <Attr Name="UsedIn" Val="simulation"/>
      </FileInfo>
    </File>
    <File Path="$PSRCDIR/sources_1/imports/Lab_F/debouncer.v">
      <FileInfo>
        <Attr Name="ImportPath" Val="S:/digital system design/Lab_F/debouncer.v"/>
        <Attr Name="ImportTime" Val="1710235054"/>
        <Attr Name="UsedIn" Val="synthesis"/>
        <Attr Name="UsedIn" Val="implementation"/>
        <Attr Name="UsedIn" Val="simulation"/>
      </FileInfo>
    </File>
    <File Path="$PSRCDIR/sources_1/imports/Lab_F/sevenseg.v">
      <FileInfo>
        <Attr Name="ImportPath" Val="S:/digital system design/Lab_F/sevenseg.v"/>
        <Attr Name="ImportTime" Val="1710235054"/>
        <Attr Name="UsedIn" Val="synthesis"/>
        <Attr Name="UsedIn" Val="implementation"/>
        <Attr Name="UsedIn" Val="simulation"/>
      </FileInfo>
    </File>
    <File Path="$PSRCDIR/sources_1/new/top_file.v">
      <FileInfo>
        <Attr Name="ImportPath" Val="S:/digital system design/Lab_F/part_b_2018.srcs/sources_1/new/top_file.v"/>
        <Attr Name="ImportTime" Val="1711362097"/>
        <Attr Name="UsedIn" Val="synthesis"/>
        <Attr Name="UsedIn" Val="implementation"/>
        <Attr Name="UsedIn" Val="simulation"/>
      </FileInfo>
    </File>
    <Config>
      <Option Name="DesignMode" Val="RTL"/>
      <Option Name="TopModule" Val="top_file"/>
      <Option Name="TopAutoSet" Val="TRUE"/>
    </Config>
  </FileSet>
  <FileSet Name="constrs_in" Type="Constrs" RelSrcDir="$PSRCDIR/constrs_1">
    <Filter Type="Constrs"/>
    <File Path="$PSRCDIR/constrs_1/imports/Lab_F/practicaldff.xdc">
      <FileInfo>
        <Attr Name="ImportPath" Val="S:/digital system design/Lab_F/practicaldff.xdc"/>
        <Attr Name="ImportTime" Val="1710235054"/>
        <Attr Name="UsedIn" Val="synthesis"/>
        <Attr Name="UsedIn" Val="implementation"/>
      </FileInfo>
    </File>
    <Config>
      <Option Name="ConstrsType" Val="XDC"/>
    </Config>
  </FileSet>
  <FileSet Name="utils" Type="Utils" RelSrcDir="$PSRCDIR/utils_1">
    <Filter Type="Utils"/>
    <Config>
      <Option Name="TopAutoSet" Val="TRUE"/>
    </Config>
  </FileSet>
  <Strategy Version="1" Minor="2">
    <StratHandle Name="Vivado Implementation Defaults" Flow="Vivado Implementation 2018"/>
    <Step Id="init_design"/>
    <Step Id="opt_design"/>
    <Step Id="power_opt_design"/>
    <Step Id="place_design"/>
    <Step Id="post_place_power_opt_design"/>
    <Step Id="phys_opt_design"/>
    <Step Id="route_design"/>
    <Step Id="post_route_phys_opt_design"/>
    <Step Id="write_bitstream"/>
    <Step Id="write_device_image"/>
  </Strategy>
</GenRun>
